{"elements": {"bus": {"1": {"matpower_bustype": "ref", "area": 1.0, "vm": 1.0, "va": -0.0, "base_kv": 1.0, "zone": 1.0, "v_min": 0.94, "v_max": 1.06, "lmp": 7.920951, "pl": 0.0}, "2": {"matpower_bustype": "PV", "area": 1.0, "vm": 1.0, "va": 4.472212898421434, "base_kv": 1.0, "zone": 1.0, "v_min": 0.94, "v_max": 1.06, "lmp": 507.9209509999998, "pl": 21.7}, "3": {"matpower_bustype": "PV", "area": 1.0, "vm": 1.0, "va": 12.472807822198037, "base_kv": 1.0, "zone": 1.0, "v_min": 0.94, "v_max": 1.06, "lmp": 507.9209509999997, "pl": 94.2}, "4": {"matpower_bustype": "PQ", "area": 1.0, "vm": 1.0, "va": 10.153734058339758, "base_kv": 1.0, "zone": 1.0, "v_min": 0.94, "v_max": 1.06, "lmp": 507.9209509999996, "pl": 47.8}, "5": {"matpower_bustype": "PQ", "area": 1.0, "vm": 1.0, "va": 8.700594195503065, "base_kv": 1.0, "zone": 1.0, "v_min": 0.94, "v_max": 1.06, "lmp": 507.9209509999997, "pl": 7.6}, "6": {"matpower_bustype": "PV", "area": 1.0, "vm": 1.0, "va": 14.446825190659649, "base_kv": 1.0, "zone": 1.0, "v_min": 0.94, "v_max": 1.06, "lmp": 507.9209509999996, "pl": 11.2}, "7": {"matpower_bustype": "PQ", "area": 1.0, "vm": 1.0, "va": 13.483693883167188, "base_kv": 1.0, "zone": 1.0, "v_min": 0.94, "v_max": 1.06, "lmp": 507.9209509999998, "pl": 0.0}, "8": {"matpower_bustype": "PV", "area": 1.0, "vm": 1.0, "va": 13.483693883167186, "base_kv": 1.0, "zone": 1.0, "v_min": 0.94, "v_max": 1.06, "lmp": 507.9209509999997, "pl": 0.0}, "9": {"matpower_bustype": "PQ", "area": 1.0, "vm": 1.0, "va": 15.274863581377007, "base_kv": 1.0, "zone": 1.0, "v_min": 0.94, "v_max": 1.06, "lmp": 507.9209509999997, "pl": 29.5}, "10": {"matpower_bustype": "PQ", "area": 1.0, "vm": 1.0, "va": 15.556887456047537, "base_kv": 1.0, "zone": 1.0, "v_min": 0.94, "v_max": 1.06, "lmp": 507.9209509999998, "pl": 9.0}, "11": {"matpower_bustype": "PQ", "area": 1.0, "vm": 1.0, "va": 15.207500696117636, "base_kv": 1.0, "zone": 1.0, "v_min": 0.94, "v_max": 1.06, "lmp": 507.9209509999997, "pl": 3.5000000000000004}, "12": {"matpower_bustype": "PQ", "area": 1.0, "vm": 1.0, "va": 15.56067156075576, "base_kv": 1.0, "zone": 1.0, "v_min": 0.94, "v_max": 1.06, "lmp": 507.92095099999955, "pl": 6.1}, "13": {"matpower_bustype": "PQ", "area": 1.0, "vm": 1.0, "va": 15.732398754831983, "base_kv": 1.0, "zone": 1.0, "v_min": 0.94, "v_max": 1.06, "lmp": 507.92095099999955, "pl": 13.5}, "14": {"matpower_bustype": "PQ", "area": 1.0, "vm": 1.0, "va": 16.77393646715897, "base_kv": 1.0, "zone": 1.0, "v_min": 0.94, "v_max": 1.06, "lmp": 507.9209509999996, "pl": 14.899999999999999}}, "load": {"load_2": {"in_service": true, "p_load": 21.7, "q_load": 12.7, "bus": "2"}, "load_3": {"in_service": true, "p_load": 94.2, "q_load": 19.0, "bus": "3"}, "load_4": {"in_service": true, "p_load": 47.8, "q_load": -3.9, "bus": "4"}, "load_5": {"in_service": true, "p_load": 7.6, "q_load": 1.6, "bus": "5"}, "load_6": {"in_service": true, "p_load": 11.2, "q_load": 7.5, "bus": "6"}, "load_9": {"in_service": true, "p_load": 29.5, "q_load": 16.6, "bus": "9"}, "load_10": {"in_service": true, "p_load": 9.0, "q_load": 5.8, "bus": "10"}, "load_11": {"in_service": true, "p_load": 3.5000000000000004, "q_load": 1.8000000000000003, "bus": "11"}, "load_12": {"in_service": true, "p_load": 6.1, "q_load": 1.6, "bus": "12"}, "load_13": {"in_service": true, "p_load": 13.5, "q_load": 5.8, "bus": "13"}, "load_14": {"in_service": true, "p_load": 14.899999999999999, "q_load": 5.0, "bus": "14"}}, "shunt": {"shunt_9": {"shunt_type": "fixed", "bs": 19.0, "gs": 0.0, "bus": "9"}}, "generator": {"1": {"bus": "1", "pg": 200.0, "qg": 5.0, "vg": 1.0, "mbase": 100.0, "in_service": true, "p_min": 0.0, "p_max": 340.0, "q_min": 0.0, "q_max": 10.0, "generator_type": "thermal", "p_cost": {"data_type": "cost_curve", "cost_curve_type": "piecewise", "values": [[0.0, 0.0], [113.33333333333333, 897.70778], [226.66666666666666, 1795.41556], [340.0, 2693.12334]]}, "startup_cost": 0.0, "shutdown_cost": 0.0}, "2": {"bus": "2", "pg": 59.0, "qg": 0.0, "vg": 1.0, "mbase": 100.0, "in_service": true, "p_min": 0.0, "p_max": 59.0, "q_min": -30.0, "q_max": 30.0, "generator_type": "thermal", "p_cost": {"data_type": "cost_curve", "cost_curve_type": "piecewise", "values": [[0.0, 0.0], [19.666666666666668, 457.63338200000004], [39.333333333333336, 915.2667640000001], [59.0, 1372.9001460000002]]}, "startup_cost": 0.0, "shutdown_cost": 0.0}, "3": {"bus": "3", "pg": 0.0, "qg": 20.0, "vg": 1.0, "mbase": 100.0, "in_service": true, "p_min": 0.0, "p_max": 0.0, "q_min": 0.0, "q_max": 40.0, "generator_type": "thermal", "p_cost": {"data_type": "cost_curve", "cost_curve_type": "piecewise", "values": [[0.0, 0.0]]}, "startup_cost": 0.0, "shutdown_cost": 0.0}, "4": {"bus": "6", "pg": 0.0, "qg": 9.0, "vg": 1.0, "mbase": 100.0, "in_service": true, "p_min": 0.0, "p_max": 0.0, "q_min": -6.0, "q_max": 24.0, "generator_type": "thermal", "p_cost": {"data_type": "cost_curve", "cost_curve_type": "piecewise", "values": [[0.0, 0.0]]}, "startup_cost": 0.0, "shutdown_cost": 0.0}, "5": {"bus": "8", "pg": 0.0, "qg": 9.0, "vg": 1.0, "mbase": 100.0, "in_service": true, "p_min": 0.0, "p_max": 0.0, "q_min": -6.0, "q_max": 24.0, "generator_type": "thermal", "p_cost": {"data_type": "cost_curve", "cost_curve_type": "piecewise", "values": [[0.0, 0.0]]}, "startup_cost": 0.0, "shutdown_cost": 0.0}}, "branch": {"1": {"from_bus": "1", "to_bus": "2", "resistance": 0.01938, "reactance": 0.05917, "charging_susceptance": 0.0528, "branch_type": "line", "rating_long_term": 472.0, "rating_short_term": 472.0, "rating_emergency": 472.0, "in_service": true, "angle_diff_min": -30.0, "angle_diff_max": 30.0, "pf": 131.91624121617835, "qf": null, "pt": null, "qt": null}, "2": {"from_bus": "1", "to_bus": "5", "resistance": 0.05403, "reactance": 0.22304, "charging_susceptance": 0.0492, "branch_type": "line", "rating_long_term": 128.0, "rating_short_term": 128.0, "rating_emergency": 128.0, "in_service": true, "angle_diff_min": -30.0, "angle_diff_max": 30.0, "pf": 68.0837587838216, "qf": null, "pt": null, "qt": null}, "3": {"from_bus": "2", "to_bus": "3", "resistance": 0.04699, "reactance": 0.19797, "charging_susceptance": 0.0438, "branch_type": "line", "rating_long_term": 145.0, "rating_short_term": 145.0, "rating_emergency": 145.0, "in_service": true, "angle_diff_min": -30.0, "angle_diff_max": 30.0, "pf": 70.53428475943147, "qf": null, "pt": null, "qt": null}, "4": {"from_bus": "2", "to_bus": "4", "resistance": 0.05811, "reactance": 0.17632, "charging_susceptance": 0.034, "branch_type": "line", "rating_long_term": 158.0, "rating_short_term": 158.0, "rating_emergency": 158.0, "in_service": true, "angle_diff_min": -30.0, "angle_diff_max": 30.0, "pf": 56.239366357929924, "qf": null, "pt": null, "qt": null}, "5": {"from_bus": "2", "to_bus": "5", "resistance": 0.05695, "reactance": 0.17388, "charging_susceptance": 0.0346, "branch_type": "line", "rating_long_term": 161.0, "rating_short_term": 161.0, "rating_emergency": 161.0, "in_service": true, "angle_diff_min": -30.0, "angle_diff_max": 30.0, "pf": 42.44259009881697, "qf": null, "pt": null, "qt": null}, "6": {"from_bus": "3", "to_bus": "4", "resistance": 0.06701, "reactance": 0.17103, "charging_susceptance": 0.0128, "branch_type": "line", "rating_long_term": 160.0, "rating_short_term": 160.0, "rating_emergency": 160.0, "in_service": true, "angle_diff_min": -30.0, "angle_diff_max": 30.0, "pf": -23.665715240568566, "qf": null, "pt": null, "qt": null}, "7": {"from_bus": "4", "to_bus": "5", "resistance": 0.01335, "reactance": 0.04211, "charging_susceptance": 0.0, "branch_type": "line", "rating_long_term": 664.0, "rating_short_term": 664.0, "rating_emergency": 664.0, "in_service": true, "angle_diff_min": -30.0, "angle_diff_max": 30.0, "pf": -60.22815269171006, "qf": null, "pt": null, "qt": null}, "8": {"from_bus": "4", "to_bus": "7", "resistance": 0.0, "reactance": 0.20912, "charging_susceptance": 0.0, "transformer_tap_ratio": 0.978, "transformer_phase_shift": 0.0, "branch_type": "transformer", "rating_long_term": 141.0,